FechaHora,Tren,Temperatura
2024-03-30 12:00:00,GCP-2A,33.03
2024-03-30 12:00:00,GCP-2B,29.77
2024-03-30 12:00:00,GCP-4A,29.64
2024-03-30 12:00:00,GCP-4B,26.1
2024-03-31 12:00:00,GCP-2A,30.31
2024-03-31 12:00:00,GCP-2B,27.74
2024-03-31 12:00:00,GCP-4A,28.89
2024-03-31 12:00:00,GCP-4B,27.47
2024-04-01 12:00:00,GCP-2A,28.63
2024-04-01 12:00:00,GCP-2B,21.02
2024-04-01 12:00:00,GCP-4A,23.26
2024-04-01 12:00:00,GCP-4B,23.46
2024-04-02 12:00:00,GCP-2A,28.12
2024-04-02 12:00:00,GCP-2B,23.95
2024-04-02 12:00:00,GCP-4A,24.9
2024-04-02 12:00:00,GCP-4B,25.82
2024-04-03 12:00:00,GCP-2A,30.92
2024-04-03 12:00:00,GCP-2B,27.54
2024-04-03 12:00:00,GCP-4A,27.49
2024-04-03 12:00:00,GCP-4B,28.14
2024-04-04 12:00:00,GCP-2A,30.38
2024-04-04 12:00:00,GCP-2B,26.96
2024-04-04 12:00:00,GCP-4A,27.16
2024-04-04 12:00:00,GCP-4B,28.0
2024-04-05 12:00:00,GCP-2A,32.97
2024-04-05 12:00:00,GCP-2B,29.25
2024-04-05 12:00:00,GCP-4A,29.82
2024-04-05 12:00:00,GCP-4B,27.98
2024-04-06 12:00:00,GCP-2A,32.25
2024-04-06 12:00:00,GCP-2B,28.53
2024-04-06 12:00:00,GCP-4A,29.31
2024-04-06 12:00:00,GCP-4B,27.84
2024-04-07 12:00:00,GCP-2A,32.58
2024-04-07 12:00:00,GCP-2B,29.16
2024-04-07 12:00:00,GCP-4A,29.61
2024-04-07 12:00:00,GCP-4B,30.27
2024-04-08 12:00:00,GCP-2A,29.22
2024-04-08 12:00:00,GCP-2B,27.86
2024-04-08 12:00:00,GCP-4A,28.83
2024-04-08 12:00:00,GCP-4B,28.99
2024-04-09 12:00:00,GCP-2A,25.14
2024-04-09 12:00:00,GCP-2B,22.64
2024-04-09 12:00:00,GCP-4A,22.28
2024-04-09 12:00:00,GCP-4B,21.95
2024-04-10 12:00:00,GCP-2A,23.28
2024-04-10 12:00:00,GCP-2B,22.29
2024-04-10 12:00:00,GCP-4A,26.92
2024-04-10 12:00:00,GCP-4B,27.04
2024-04-11 12:00:00,GCP-2A,20.13
2024-04-11 12:00:00,GCP-2B,18.43
2024-04-11 12:00:00,GCP-4A,21.07
2024-04-11 12:00:00,GCP-4B,22.04
2024-04-12 12:00:00,GCP-2A,18.13
2024-04-12 12:00:00,GCP-2B,16.21
2024-04-12 12:00:00,GCP-4A,19.74
2024-04-12 12:00:00,GCP-4B,20.28
2024-04-13 12:00:00,GCP-2A,21.71
2024-04-13 12:00:00,GCP-2B,21.4
2024-04-13 12:00:00,GCP-4A,21.97
2024-04-13 12:00:00,GCP-4B,21.67
2024-04-14 12:00:00,GCP-2A,32.25
2024-04-14 12:00:00,GCP-2B,28.36
2024-04-14 12:00:00,GCP-4A,28.79
2024-04-14 12:00:00,GCP-4B,26.93
2024-04-15 12:00:00,GCP-2A,32.47
2024-04-15 12:00:00,GCP-2B,28.27
2024-04-15 12:00:00,GCP-4A,27.85
2024-04-15 12:00:00,GCP-4B,26.79
2024-04-16 12:00:00,GCP-2A,29.84
2024-04-16 12:00:00,GCP-2B,24.91
2024-04-16 12:00:00,GCP-4A,24.55
2024-04-16 12:00:00,GCP-4B,27.42
2024-04-17 12:00:00,GCP-2A,19.21
2024-04-17 12:00:00,GCP-2B,20.68
2024-04-17 12:00:00,GCP-4A,17.27
2024-04-17 12:00:00,GCP-4B,24.87
2024-04-18 12:00:00,GCP-2A,16.89
2024-04-18 12:00:00,GCP-2B,15.8
2024-04-18 12:00:00,GCP-4A,20.54
2024-04-18 12:00:00,GCP-4B,21.54
2024-04-19 12:00:00,GCP-2A,19.73
2024-04-19 12:00:00,GCP-2B,18.35
2024-04-19 12:00:00,GCP-4A,20.25
2024-04-19 12:00:00,GCP-4B,20.79
2024-04-20 12:00:00,GCP-2A,25.26
2024-04-20 12:00:00,GCP-2B,20.23
2024-04-20 12:00:00,GCP-4A,19.54
2024-04-20 12:00:00,GCP-4B,19.21
2024-04-21 12:00:00,GCP-2A,21.36
2024-04-21 12:00:00,GCP-2B,19.69
2024-04-21 12:00:00,GCP-4A,23.16
2024-04-21 12:00:00,GCP-4B,22.64
2024-04-22 12:00:00,GCP-2A,18.56
2024-04-22 12:00:00,GCP-2B,15.53
2024-04-22 12:00:00,GCP-4A,21.74
2024-04-22 12:00:00,GCP-4B,23.39
2024-04-23 12:00:00,GCP-2A,17.69
2024-04-23 12:00:00,GCP-2B,16.65
2024-04-23 12:00:00,GCP-4A,16.97
2024-04-23 12:00:00,GCP-4B,17.84
2024-04-24 12:00:00,GCP-2A,20.05
2024-04-24 12:00:00,GCP-2B,21.15
2024-04-24 12:00:00,GCP-4A,19.86
2024-04-24 12:00:00,GCP-4B,19.61
2024-04-25 12:00:00,GCP-2A,21.36
2024-04-25 12:00:00,GCP-2B,27.04
2024-04-25 12:00:00,GCP-4A,22.9
2024-04-25 12:00:00,GCP-4B,22.14
2024-04-26 12:00:00,GCP-2A,21.91
2024-04-26 12:00:00,GCP-2B,26.43
2024-04-26 12:00:00,GCP-4A,23.15
2024-04-26 12:00:00,GCP-4B,21.99
2024-04-27 12:00:00,GCP-2A,22.79
2024-04-27 12:00:00,GCP-2B,29.42
2024-04-27 12:00:00,GCP-4A,25.02
2024-04-27 12:00:00,GCP-4B,24.28
2024-04-28 12:00:00,GCP-2A,24.25
2024-04-28 12:00:00,GCP-2B,30.32
2024-04-28 12:00:00,GCP-4A,25.88
2024-04-28 12:00:00,GCP-4B,25.7
2024-04-29 12:00:00,GCP-2A,28.37
2024-04-29 12:00:00,GCP-2B,29.92
2024-04-29 12:00:00,GCP-4A,26.53
2024-04-29 12:00:00,GCP-4B,27.32
2024-04-30 12:00:00,GCP-2A,22.75
2024-04-30 12:00:00,GCP-2B,25.95
2024-04-30 12:00:00,GCP-4A,23.01
2024-04-30 12:00:00,GCP-4B,25.6
2024-05-01 12:00:00,GCP-2A,25.99
2024-05-01 12:00:00,GCP-2B,29.99
2024-05-01 12:00:00,GCP-4A,26.32
2024-05-01 12:00:00,GCP-4B,27.44
2024-05-02 12:00:00,GCP-2A,27.43
2024-05-02 12:00:00,GCP-2B,31.72
2024-05-02 12:00:00,GCP-4A,28.73
2024-05-02 12:00:00,GCP-4B,29.99
2024-05-03 12:00:00,GCP-2A,26.47
2024-05-03 12:00:00,GCP-2B,29.8
2024-05-03 12:00:00,GCP-4A,27.56
2024-05-03 12:00:00,GCP-4B,28.35
2024-05-04 12:00:00,GCP-2A,24.01
2024-05-04 12:00:00,GCP-2B,28.25
2024-05-04 12:00:00,GCP-4A,25.47
2024-05-04 12:00:00,GCP-4B,26.44
2024-05-05 12:00:00,GCP-2A,24.24
2024-05-05 12:00:00,GCP-2B,29.2
2024-05-05 12:00:00,GCP-4A,26.84
2024-05-05 12:00:00,GCP-4B,28.1
2024-05-06 12:00:00,GCP-2A,23.94
2024-05-06 12:00:00,GCP-2B,28.86
2024-05-06 12:00:00,GCP-4A,26.98
2024-05-06 12:00:00,GCP-4B,28.28
2024-05-07 12:00:00,GCP-2A,25.67
2024-05-07 12:00:00,GCP-2B,30.51
2024-05-07 12:00:00,GCP-4A,28.95
2024-05-07 12:00:00,GCP-4B,30.17
2024-05-08 12:00:00,GCP-2A,25.0
2024-05-08 12:00:00,GCP-2B,29.31
2024-05-08 12:00:00,GCP-4A,27.65
2024-05-08 12:00:00,GCP-4B,28.73
2024-05-09 12:00:00,GCP-2A,24.37
2024-05-09 12:00:00,GCP-2B,28.76
2024-05-09 12:00:00,GCP-4A,27.87
2024-05-09 12:00:00,GCP-4B,29.09
2024-05-10 12:00:00,GCP-2A,26.47
2024-05-10 12:00:00,GCP-2B,30.35
2024-05-10 12:00:00,GCP-4A,29.85
2024-05-10 12:00:00,GCP-4B,30.93
2024-05-11 12:00:00,GCP-2A,25.93
2024-05-11 12:00:00,GCP-2B,29.14
2024-05-11 12:00:00,GCP-4A,29.24
2024-05-11 12:00:00,GCP-4B,29.84
2024-05-12 12:00:00,GCP-2A,25.84
2024-05-12 12:00:00,GCP-2B,29.72
2024-05-12 12:00:00,GCP-4A,29.25
2024-05-12 12:00:00,GCP-4B,30.33
2024-05-13 12:00:00,GCP-2A,21.66
2024-05-13 12:00:00,GCP-2B,25.1
2024-05-13 12:00:00,GCP-4A,25.48
2024-05-13 12:00:00,GCP-4B,27.34
2024-05-14 12:00:00,GCP-2A,17.73
2024-05-14 12:00:00,GCP-2B,21.59
2024-05-14 12:00:00,GCP-4A,23.57
2024-05-14 12:00:00,GCP-4B,25.95
2024-05-15 12:00:00,GCP-2A,23.83
2024-05-15 12:00:00,GCP-2B,28.01
2024-05-15 12:00:00,GCP-4A,27.2
2024-05-15 12:00:00,GCP-4B,28.82
2024-05-16 12:00:00,GCP-2A,25.08
2024-05-16 12:00:00,GCP-2B,29.58
2024-05-16 12:00:00,GCP-4A,27.88
2024-05-16 12:00:00,GCP-4B,31.54
2024-05-17 12:00:00,GCP-2A,23.94
2024-05-17 12:00:00,GCP-2B,27.96
2024-05-17 12:00:00,GCP-4A,27.07
2024-05-17 12:00:00,GCP-4B,30.66
2024-05-18 12:00:00,GCP-2A,24.61
2024-05-18 12:00:00,GCP-2B,29.12
2024-05-18 12:00:00,GCP-4A,28.13
2024-05-18 12:00:00,GCP-4B,31.3
2024-05-19 12:00:00,GCP-2A,24.69
2024-05-19 12:00:00,GCP-2B,29.33
2024-05-19 12:00:00,GCP-4A,28.34
2024-05-19 12:00:00,GCP-4B,31.78
2024-05-20 12:00:00,GCP-2A,25.47
2024-05-20 12:00:00,GCP-2B,30.11
2024-05-20 12:00:00,GCP-4A,29.26
2024-05-20 12:00:00,GCP-4B,32.1
2024-05-21 12:00:00,GCP-2A,23.64
2024-05-21 12:00:00,GCP-2B,27.6
2024-05-21 12:00:00,GCP-4A,26.26
2024-05-21 12:00:00,GCP-4B,30.46
2024-05-22 12:00:00,GCP-2A,18.07
2024-05-22 12:00:00,GCP-2B,20.91
2024-05-22 12:00:00,GCP-4A,20.21
2024-05-22 12:00:00,GCP-4B,24.63
2024-05-23 12:00:00,GCP-2A,21.94
2024-05-23 12:00:00,GCP-2B,25.88
2024-05-23 12:00:00,GCP-4A,25.04
2024-05-23 12:00:00,GCP-4B,28.86
2024-05-24 12:00:00,GCP-2A,23.18
2024-05-24 12:00:00,GCP-2B,27.31
2024-05-24 12:00:00,GCP-4A,26.73
2024-05-24 12:00:00,GCP-4B,30.45
2024-05-25 12:00:00,GCP-2A,22.02
2024-05-25 12:00:00,GCP-2B,25.41
2024-05-25 12:00:00,GCP-4A,25.39
2024-05-25 12:00:00,GCP-4B,28.9
2024-05-26 12:00:00,GCP-2A,22.1
2024-05-26 12:00:00,GCP-2B,25.12
2024-05-26 12:00:00,GCP-4A,23.96
2024-05-26 12:00:00,GCP-4B,28.28
2024-05-27 12:00:00,GCP-2A,21.05
2024-05-27 12:00:00,GCP-2B,25.08
2024-05-27 12:00:00,GCP-4A,23.6
2024-05-27 12:00:00,GCP-4B,28.0
2024-05-28 12:00:00,GCP-2A,19.88
2024-05-28 12:00:00,GCP-2B,24.29
2024-05-28 12:00:00,GCP-4A,22.03
2024-05-28 12:00:00,GCP-4B,25.83
2024-05-29 12:00:00,GCP-2A,20.71
2024-05-29 12:00:00,GCP-2B,23.8
2024-05-29 12:00:00,GCP-4A,23.69
2024-05-29 12:00:00,GCP-4B,26.77
2024-05-30 12:00:00,GCP-2A,21.82
2024-05-30 12:00:00,GCP-2B,25.1
2024-05-30 12:00:00,GCP-4A,24.46
2024-05-30 12:00:00,GCP-4B,27.86
2024-05-31 12:00:00,GCP-2A,21.54
2024-05-31 12:00:00,GCP-2B,23.62
2024-05-31 12:00:00,GCP-4A,23.27
2024-05-31 12:00:00,GCP-4B,27.18
2024-06-01 12:00:00,GCP-2A,28.17
2024-06-01 12:00:00,GCP-2B,31.77
2024-06-01 12:00:00,GCP-4A,30.05
2024-06-01 12:00:00,GCP-4B,34.32
2024-06-02 12:00:00,GCP-2A,27.54
2024-06-02 12:00:00,GCP-2B,30.95
2024-06-02 12:00:00,GCP-4A,29.62
2024-06-02 12:00:00,GCP-4B,33.55
2024-06-03 12:00:00,GCP-2A,28.31
2024-06-03 12:00:00,GCP-2B,32.23
2024-06-03 12:00:00,GCP-4A,31.25
2024-06-03 12:00:00,GCP-4B,34.66
2024-06-04 12:00:00,GCP-2A,27.73
2024-06-04 12:00:00,GCP-2B,31.85
2024-06-04 12:00:00,GCP-4A,31.59
2024-06-04 12:00:00,GCP-4B,35.37
2024-06-05 12:00:00,GCP-2A,27.45
2024-06-05 12:00:00,GCP-2B,31.09
2024-06-05 12:00:00,GCP-4A,31.02
2024-06-05 12:00:00,GCP-4B,34.18
2024-06-06 12:00:00,GCP-2A,19.99
2024-06-06 12:00:00,GCP-2B,20.61
2024-06-06 12:00:00,GCP-4A,21.01
2024-06-06 12:00:00,GCP-4B,19.89
2024-06-07 12:00:00,GCP-2A,16.5
2024-06-07 12:00:00,GCP-2B,14.86
2024-06-07 12:00:00,GCP-4A,16.9
2024-06-07 12:00:00,GCP-4B,18.55
2024-06-08 12:00:00,GCP-2A,14.5
2024-06-08 12:00:00,GCP-2B,13.97
2024-06-08 12:00:00,GCP-4A,19.43
2024-06-08 12:00:00,GCP-4B,18.24
2024-06-09 12:00:00,GCP-2A,18.29
2024-06-09 12:00:00,GCP-2B,18.01
2024-06-09 12:00:00,GCP-4A,19.79
2024-06-09 12:00:00,GCP-4B,20.78
2024-06-10 12:00:00,GCP-2A,30.22
2024-06-10 12:00:00,GCP-2B,26.12
2024-06-10 12:00:00,GCP-4A,24.7
2024-06-10 12:00:00,GCP-4B,28.33
2024-06-11 12:00:00,GCP-2A,30.82
2024-06-11 12:00:00,GCP-2B,26.98
2024-06-11 12:00:00,GCP-4A,27.25
2024-06-11 12:00:00,GCP-4B,29.94
2024-06-12 12:00:00,GCP-2A,24.09
2024-06-12 12:00:00,GCP-2B,27.0
2024-06-12 12:00:00,GCP-4A,28.57
2024-06-12 12:00:00,GCP-4B,29.57
2024-06-13 12:00:00,GCP-2A,25.64
2024-06-13 12:00:00,GCP-2B,29.13
2024-06-13 12:00:00,GCP-4A,29.5
2024-06-13 12:00:00,GCP-4B,29.78
2024-06-14 12:00:00,GCP-2A,26.28
2024-06-14 12:00:00,GCP-2B,29.6
2024-06-14 12:00:00,GCP-4A,30.16
2024-06-14 12:00:00,GCP-4B,30.96
2024-06-15 12:00:00,GCP-2A,26.16
2024-06-15 12:00:00,GCP-2B,30.16
2024-06-15 12:00:00,GCP-4A,29.83
2024-06-15 12:00:00,GCP-4B,30.98
2024-06-16 12:00:00,GCP-2A,26.28
2024-06-16 12:00:00,GCP-2B,30.37
2024-06-16 12:00:00,GCP-4A,29.95
2024-06-16 12:00:00,GCP-4B,30.91
2024-06-17 12:00:00,GCP-2A,21.15
2024-06-17 12:00:00,GCP-2B,27.18
2024-06-17 12:00:00,GCP-4A,31.91
2024-06-17 12:00:00,GCP-4B,31.11
2024-06-18 12:00:00,GCP-2A,14.24
2024-06-18 12:00:00,GCP-2B,30.86
2024-06-18 12:00:00,GCP-4A,31.6
2024-06-18 12:00:00,GCP-4B,29.59
2024-06-19 12:00:00,GCP-2A,14.12
2024-06-19 12:00:00,GCP-2B,31.89
2024-06-19 12:00:00,GCP-4A,32.83
2024-06-19 12:00:00,GCP-4B,33.66
2024-06-20 12:00:00,GCP-2A,13.1
2024-06-20 12:00:00,GCP-2B,31.7
2024-06-20 12:00:00,GCP-4A,32.64
2024-06-20 12:00:00,GCP-4B,33.93
2024-06-21 12:00:00,GCP-2A,15.67
2024-06-21 12:00:00,GCP-2B,33.44
2024-06-21 12:00:00,GCP-4A,34.08
2024-06-21 12:00:00,GCP-4B,36.11
2024-06-22 12:00:00,GCP-2A,22.15
2024-06-22 12:00:00,GCP-2B,29.96
2024-06-22 12:00:00,GCP-4A,29.57
2024-06-22 12:00:00,GCP-4B,35.03
2024-06-23 12:00:00,GCP-2A,21.94
2024-06-23 12:00:00,GCP-2B,26.76
2024-06-23 12:00:00,GCP-4A,27.51
2024-06-23 12:00:00,GCP-4B,33.57
2024-06-24 12:00:00,GCP-2A,18.6
2024-06-24 12:00:00,GCP-2B,21.92
2024-06-24 12:00:00,GCP-4A,25.38
2024-06-24 12:00:00,GCP-4B,28.54
2024-06-25 12:00:00,GCP-2A,22.64
2024-06-25 12:00:00,GCP-2B,26.78
2024-06-25 12:00:00,GCP-4A,26.84
2024-06-25 12:00:00,GCP-4B,31.67
2024-06-26 12:00:00,GCP-2A,25.47
2024-06-26 12:00:00,GCP-2B,31.02
2024-06-26 12:00:00,GCP-4A,30.71
2024-06-26 12:00:00,GCP-4B,32.61
2024-06-27 12:00:00,GCP-2A,26.87
2024-06-27 12:00:00,GCP-2B,31.53
2024-06-27 12:00:00,GCP-4A,30.65
2024-06-27 12:00:00,GCP-4B,34.44
2024-06-28 12:00:00,GCP-2A,27.13
2024-06-28 12:00:00,GCP-2B,31.82
2024-06-28 12:00:00,GCP-4A,30.82
2024-06-28 12:00:00,GCP-4B,35.17
2024-06-29 12:00:00,GCP-2A,27.25
2024-06-29 12:00:00,GCP-2B,32.47
2024-06-29 12:00:00,GCP-4A,31.61
2024-06-29 12:00:00,GCP-4B,35.67
2024-06-30 12:00:00,GCP-2A,27.43
2024-06-30 12:00:00,GCP-2B,32.79
2024-06-30 12:00:00,GCP-4A,31.88
2024-06-30 12:00:00,GCP-4B,36.11
2024-07-01 12:00:00,GCP-2A,26.74
2024-07-01 12:00:00,GCP-2B,32.24
2024-07-01 12:00:00,GCP-4A,31.28
2024-07-01 12:00:00,GCP-4B,35.61
2024-07-02 12:00:00,GCP-2A,23.02
2024-07-02 12:00:00,GCP-2B,27.26
2024-07-02 12:00:00,GCP-4A,23.58
2024-07-02 12:00:00,GCP-4B,30.61
2024-07-03 12:00:00,GCP-2A,16.41
2024-07-03 12:00:00,GCP-2B,15.29
2024-07-03 12:00:00,GCP-4A,16.11
2024-07-03 12:00:00,GCP-4B,17.48
2024-07-04 12:00:00,GCP-2A,11.51
2024-07-04 12:00:00,GCP-2B,11.42
2024-07-04 12:00:00,GCP-4A,11.29
2024-07-04 12:00:00,GCP-4B,15.32
2024-07-05 12:00:00,GCP-2A,18.36
2024-07-05 12:00:00,GCP-2B,19.9
2024-07-05 12:00:00,GCP-4A,18.72
2024-07-05 12:00:00,GCP-4B,23.85
2024-07-06 12:00:00,GCP-2A,25.64
2024-07-06 12:00:00,GCP-2B,28.78
2024-07-06 12:00:00,GCP-4A,28.4
2024-07-06 12:00:00,GCP-4B,34.67
2024-07-07 12:00:00,GCP-2A,12.79
2024-07-07 12:00:00,GCP-2B,12.76
2024-07-07 12:00:00,GCP-4A,15.01
2024-07-07 12:00:00,GCP-4B,21.71
2024-07-08 12:00:00,GCP-2A,11.33
2024-07-08 12:00:00,GCP-2B,10.87
2024-07-08 12:00:00,GCP-4A,9.05
2024-07-08 12:00:00,GCP-4B,11.34
2024-07-09 12:00:00,GCP-2A,12.64
2024-07-09 12:00:00,GCP-2B,13.31
2024-07-09 12:00:00,GCP-4A,13.28
2024-07-09 12:00:00,GCP-4B,18.66
2024-07-10 12:00:00,GCP-2A,20.9
2024-07-10 12:00:00,GCP-2B,24.6
2024-07-10 12:00:00,GCP-4A,24.22
2024-07-10 12:00:00,GCP-4B,30.56
2024-07-11 12:00:00,GCP-2A,17.09
2024-07-11 12:00:00,GCP-2B,19.76
2024-07-11 12:00:00,GCP-4A,20.92
2024-07-11 12:00:00,GCP-4B,27.57
2024-07-12 12:00:00,GCP-2A,19.8
2024-07-12 12:00:00,GCP-2B,26.93
2024-07-12 12:00:00,GCP-4A,26.08
2024-07-12 12:00:00,GCP-4B,31.14
2024-07-13 12:00:00,GCP-2A,14.63
2024-07-13 12:00:00,GCP-2B,31.98
2024-07-13 12:00:00,GCP-4A,30.44
2024-07-13 12:00:00,GCP-4B,34.26
2024-07-14 12:00:00,GCP-2A,15.62
2024-07-14 12:00:00,GCP-2B,32.94
2024-07-14 12:00:00,GCP-4A,31.77
2024-07-14 12:00:00,GCP-4B,35.5
2024-07-15 12:00:00,GCP-2A,16.38
2024-07-15 12:00:00,GCP-2B,32.91
2024-07-15 12:00:00,GCP-4A,31.7
2024-07-15 12:00:00,GCP-4B,35.1
2024-07-16 12:00:00,GCP-2A,18.47
2024-07-16 12:00:00,GCP-2B,25.78
2024-07-16 12:00:00,GCP-4A,26.45
2024-07-16 12:00:00,GCP-4B,29.78
2024-07-17 12:00:00,GCP-2A,26.46
2024-07-17 12:00:00,GCP-2B,29.85
2024-07-17 12:00:00,GCP-4A,30.15
2024-07-17 12:00:00,GCP-4B,35.07
2024-07-18 12:00:00,GCP-2A,26.48
2024-07-18 12:00:00,GCP-2B,33.25
2024-07-18 12:00:00,GCP-4A,32.36
2024-07-18 12:00:00,GCP-4B,37.25
2024-07-19 12:00:00,GCP-2A,27.25
2024-07-19 12:00:00,GCP-2B,32.62
2024-07-19 12:00:00,GCP-4A,33.63
2024-07-19 12:00:00,GCP-4B,37.94
2024-07-20 12:00:00,GCP-2A,32.64
2024-07-20 12:00:00,GCP-2B,38.73
2024-07-20 12:00:00,GCP-4A,39.02
2024-07-20 12:00:00,GCP-4B,42.58
2024-07-21 12:00:00,GCP-2A,29.78
2024-07-21 12:00:00,GCP-2B,35.55
2024-07-21 12:00:00,GCP-4A,37.06
2024-07-21 12:00:00,GCP-4B,41.23
2024-07-22 12:00:00,GCP-2A,33.41
2024-07-22 12:00:00,GCP-2B,39.24
2024-07-22 12:00:00,GCP-4A,38.95
2024-07-22 12:00:00,GCP-4B,42.58
2024-07-23 12:00:00,GCP-2A,33.72
2024-07-23 12:00:00,GCP-2B,38.5
2024-07-23 12:00:00,GCP-4A,40.14
2024-07-23 12:00:00,GCP-4B,43.2
2024-07-24 12:00:00,GCP-2A,32.24
2024-07-24 12:00:00,GCP-2B,40.06
2024-07-24 12:00:00,GCP-4A,39.73
2024-07-24 12:00:00,GCP-4B,43.41
2024-07-25 12:00:00,GCP-2A,28.36
2024-07-25 12:00:00,GCP-2B,32.71
2024-07-25 12:00:00,GCP-4A,35.33
2024-07-25 12:00:00,GCP-4B,39.54
2024-07-26 12:00:00,GCP-2A,33.91
2024-07-26 12:00:00,GCP-2B,27.3
2024-07-26 12:00:00,GCP-4A,40.51
2024-07-26 12:00:00,GCP-4B,42.72
2024-07-27 12:00:00,GCP-2A,35.51
2024-07-27 12:00:00,GCP-2B,28.77
2024-07-27 12:00:00,GCP-4A,41.8
2024-07-27 12:00:00,GCP-4B,43.44
2024-07-28 12:00:00,GCP-2A,35.33
2024-07-28 12:00:00,GCP-2B,28.83
2024-07-28 12:00:00,GCP-4A,41.66
2024-07-28 12:00:00,GCP-4B,43.37
2024-07-29 12:00:00,GCP-2A,33.81
2024-07-29 12:00:00,GCP-2B,26.86
2024-07-29 12:00:00,GCP-4A,38.44
2024-07-29 12:00:00,GCP-4B,40.31
2024-07-30 12:00:00,GCP-2A,29.27
2024-07-30 12:00:00,GCP-2B,22.59
2024-07-30 12:00:00,GCP-4A,34.37
2024-07-30 12:00:00,GCP-4B,36.5
2024-07-31 12:00:00,GCP-2A,31.8
2024-07-31 12:00:00,GCP-2B,25.33
2024-07-31 12:00:00,GCP-4A,37.15
2024-07-31 12:00:00,GCP-4B,41.07
2024-08-01 12:00:00,GCP-2A,32.68
2024-08-01 12:00:00,GCP-2B,25.96
2024-08-01 12:00:00,GCP-4A,38.69
2024-08-01 12:00:00,GCP-4B,42.92
2024-08-02 12:00:00,GCP-2A,35.5
2024-08-02 12:00:00,GCP-2B,27.47
2024-08-02 12:00:00,GCP-4A,40.94
2024-08-02 12:00:00,GCP-4B,43.46
2024-08-03 12:00:00,GCP-2A,18.66
2024-08-03 12:00:00,GCP-2B,15.52
2024-08-03 12:00:00,GCP-4A,21.16
2024-08-03 12:00:00,GCP-4B,23.26
2024-08-04 12:00:00,GCP-2A,21.4
2024-08-04 12:00:00,GCP-2B,18.7
2024-08-04 12:00:00,GCP-4A,26.18
2024-08-04 12:00:00,GCP-4B,28.61
2024-08-05 12:00:00,GCP-2A,24.03
2024-08-05 12:00:00,GCP-2B,20.93
2024-08-05 12:00:00,GCP-4A,28.6
2024-08-05 12:00:00,GCP-4B,30.61
2024-08-06 12:00:00,GCP-2A,23.15
2024-08-06 12:00:00,GCP-2B,20.06
2024-08-06 12:00:00,GCP-4A,27.74
2024-08-06 12:00:00,GCP-4B,30.08
2024-08-07 12:00:00,GCP-2A,19.95
2024-08-07 12:00:00,GCP-2B,16.07
2024-08-07 12:00:00,GCP-4A,28.24
2024-08-07 12:00:00,GCP-4B,31.08
2024-08-08 12:00:00,GCP-2A,21.97
2024-08-08 12:00:00,GCP-2B,20.02
2024-08-08 12:00:00,GCP-4A,28.55
2024-08-08 12:00:00,GCP-4B,32.17
2024-08-09 12:00:00,GCP-2A,25.74
2024-08-09 12:00:00,GCP-2B,23.69
2024-08-09 12:00:00,GCP-4A,29.68
2024-08-09 12:00:00,GCP-4B,34.11
2024-08-10 12:00:00,GCP-2A,25.86
2024-08-10 12:00:00,GCP-2B,23.2
2024-08-10 12:00:00,GCP-4A,29.95
2024-08-10 12:00:00,GCP-4B,29.49
2024-08-11 12:00:00,GCP-2A,26.73
2024-08-11 12:00:00,GCP-2B,23.47
2024-08-11 12:00:00,GCP-4A,31.57
2024-08-11 12:00:00,GCP-4B,33.15
2024-08-12 12:00:00,GCP-2A,26.67
2024-08-12 12:00:00,GCP-2B,23.02
2024-08-12 12:00:00,GCP-4A,31.45
2024-08-12 12:00:00,GCP-4B,33.12
2024-08-13 12:00:00,GCP-2A,26.01
2024-08-13 12:00:00,GCP-2B,21.87
2024-08-13 12:00:00,GCP-4A,31.51
2024-08-13 12:00:00,GCP-4B,33.57
2024-08-14 12:00:00,GCP-2A,28.53
2024-08-14 12:00:00,GCP-2B,24.94
2024-08-14 12:00:00,GCP-4A,32.55
2024-08-14 12:00:00,GCP-4B,34.49
2024-08-15 12:00:00,GCP-2A,27.94
2024-08-15 12:00:00,GCP-2B,23.8
2024-08-15 12:00:00,GCP-4A,32.12
2024-08-15 12:00:00,GCP-4B,33.97
2024-08-16 12:00:00,GCP-2A,22.28
2024-08-16 12:00:00,GCP-2B,18.34
2024-08-16 12:00:00,GCP-4A,20.59
2024-08-16 12:00:00,GCP-4B,24.45
2024-08-17 12:00:00,GCP-2A,24.54
2024-08-17 12:00:00,GCP-2B,21.84
2024-08-17 12:00:00,GCP-4A,28.89
2024-08-17 12:00:00,GCP-4B,30.82
2024-08-18 12:00:00,GCP-2A,28.37
2024-08-18 12:00:00,GCP-2B,25.64
2024-08-18 12:00:00,GCP-4A,32.3
2024-08-18 12:00:00,GCP-4B,34.77
2024-08-19 12:00:00,GCP-2A,26.95
2024-08-19 12:00:00,GCP-2B,24.28
2024-08-19 12:00:00,GCP-4A,31.24
2024-08-19 12:00:00,GCP-4B,33.64
2024-08-20 12:00:00,GCP-2A,28.12
2024-08-20 12:00:00,GCP-2B,25.22
2024-08-20 12:00:00,GCP-4A,31.84
2024-08-20 12:00:00,GCP-4B,34.22
2024-08-21 12:00:00,GCP-2A,26.21
2024-08-21 12:00:00,GCP-2B,24.92
2024-08-21 12:00:00,GCP-4A,31.65
2024-08-21 12:00:00,GCP-4B,34.92
2024-08-22 12:00:00,GCP-2A,25.38
2024-08-22 12:00:00,GCP-2B,22.71
2024-08-22 12:00:00,GCP-4A,29.94
2024-08-22 12:00:00,GCP-4B,33.63
2024-08-23 12:00:00,GCP-2A,22.51
2024-08-23 12:00:00,GCP-2B,21.14
2024-08-23 12:00:00,GCP-4A,26.55
2024-08-23 12:00:00,GCP-4B,29.88
2024-08-24 12:00:00,GCP-2A,24.2
2024-08-24 12:00:00,GCP-2B,21.7
2024-08-24 12:00:00,GCP-4A,28.0
2024-08-24 12:00:00,GCP-4B,31.15
2024-08-25 12:00:00,GCP-2A,26.53
2024-08-25 12:00:00,GCP-2B,23.48
2024-08-25 12:00:00,GCP-4A,29.95
2024-08-25 12:00:00,GCP-4B,34.64
2024-08-26 12:00:00,GCP-2A,25.25
2024-08-26 12:00:00,GCP-2B,21.62
2024-08-26 12:00:00,GCP-4A,29.49
2024-08-26 12:00:00,GCP-4B,34.25
2024-08-27 12:00:00,GCP-2A,25.86
2024-08-27 12:00:00,GCP-2B,21.4
2024-08-27 12:00:00,GCP-4A,29.38
2024-08-27 12:00:00,GCP-4B,34.82
2024-08-28 12:00:00,GCP-2A,27.03
2024-08-28 12:00:00,GCP-2B,23.0
2024-08-28 12:00:00,GCP-4A,30.03
2024-08-28 12:00:00,GCP-4B,28.69
2024-08-29 12:00:00,GCP-2A,26.29
2024-08-29 12:00:00,GCP-2B,21.55
2024-08-29 12:00:00,GCP-4A,29.43
2024-08-29 12:00:00,GCP-4B,33.2
2024-08-30 12:00:00,GCP-2A,25.86
2024-08-30 12:00:00,GCP-2B,21.73
2024-08-30 12:00:00,GCP-4A,28.22
2024-08-30 12:00:00,GCP-4B,33.79
2024-08-31 12:00:00,GCP-2A,23.31
2024-08-31 12:00:00,GCP-2B,18.83
2024-08-31 12:00:00,GCP-4A,24.21
2024-08-31 12:00:00,GCP-4B,31.71
2024-09-01 12:00:00,GCP-2A,20.2
2024-09-01 12:00:00,GCP-2B,17.55
2024-09-01 12:00:00,GCP-4A,19.89
2024-09-01 12:00:00,GCP-4B,25.27
2024-09-02 12:00:00,GCP-2A,28.56
2024-09-02 12:00:00,GCP-2B,24.14
2024-09-02 12:00:00,GCP-4A,30.49
2024-09-02 12:00:00,GCP-4B,35.14
2024-09-03 12:00:00,GCP-2A,28.73
2024-09-03 12:00:00,GCP-2B,24.23
2024-09-03 12:00:00,GCP-4A,31.19
2024-09-03 12:00:00,GCP-4B,35.77
2024-09-04 12:00:00,GCP-2A,26.44
2024-09-04 12:00:00,GCP-2B,20.76
2024-09-04 12:00:00,GCP-4A,27.97
2024-09-04 12:00:00,GCP-4B,29.45
2024-09-05 12:00:00,GCP-2A,27.19
2024-09-05 12:00:00,GCP-2B,22.87
2024-09-05 12:00:00,GCP-4A,28.75
2024-09-05 12:00:00,GCP-4B,33.3
2024-09-06 12:00:00,GCP-2A,28.84
2024-09-06 12:00:00,GCP-2B,23.64
2024-09-06 12:00:00,GCP-4A,30.27
2024-09-06 12:00:00,GCP-4B,35.07
2024-09-07 12:00:00,GCP-2A,29.26
2024-09-07 12:00:00,GCP-2B,23.51
2024-09-07 12:00:00,GCP-4A,30.84
2024-09-07 12:00:00,GCP-4B,36.3
2024-09-08 12:00:00,GCP-2A,30.17
2024-09-08 12:00:00,GCP-2B,23.49
2024-09-08 12:00:00,GCP-4A,31.24
2024-09-08 12:00:00,GCP-4B,37.25
2024-09-09 12:00:00,GCP-2A,29.58
2024-09-09 12:00:00,GCP-2B,23.47
2024-09-09 12:00:00,GCP-4A,30.45
2024-09-09 12:00:00,GCP-4B,36.28
2024-09-10 12:00:00,GCP-2A,28.58
2024-09-10 12:00:00,GCP-2B,22.49
2024-09-10 12:00:00,GCP-4A,28.49
2024-09-10 12:00:00,GCP-4B,34.94
2024-09-11 12:00:00,GCP-2A,23.68
2024-09-11 12:00:00,GCP-2B,19.66
2024-09-11 12:00:00,GCP-4A,22.4
2024-09-11 12:00:00,GCP-4B,27.38
2024-09-12 12:00:00,GCP-2A,28.01
2024-09-12 12:00:00,GCP-2B,27.43
2024-09-12 12:00:00,GCP-4A,30.31
2024-09-12 12:00:00,GCP-4B,32.2
2024-09-13 12:00:00,GCP-2A,28.72
2024-09-13 12:00:00,GCP-2B,26.66
2024-09-13 12:00:00,GCP-4A,30.61
2024-09-13 12:00:00,GCP-4B,31.85
2024-09-14 12:00:00,GCP-2A,27.37
2024-09-14 12:00:00,GCP-2B,25.13
2024-09-14 12:00:00,GCP-4A,29.63
2024-09-14 12:00:00,GCP-4B,31.17
2024-09-15 12:00:00,GCP-2A,30.38
2024-09-15 12:00:00,GCP-2B,28.22
2024-09-15 12:00:00,GCP-4A,32.49
2024-09-15 12:00:00,GCP-4B,33.73
2024-09-16 12:00:00,GCP-2A,31.99
2024-09-16 12:00:00,GCP-2B,29.67
2024-09-16 12:00:00,GCP-4A,33.62
2024-09-16 12:00:00,GCP-4B,27.73
2024-09-17 12:00:00,GCP-2A,30.76
2024-09-17 12:00:00,GCP-2B,28.67
2024-09-17 12:00:00,GCP-4A,31.11
2024-09-17 12:00:00,GCP-4B,18.14
2024-09-18 12:00:00,GCP-2A,32.29
2024-09-18 12:00:00,GCP-2B,30.45
2024-09-18 12:00:00,GCP-4A,33.03
2024-09-18 12:00:00,GCP-4B,17.23
2024-09-19 12:00:00,GCP-2A,30.57
2024-09-19 12:00:00,GCP-2B,28.88
2024-09-19 12:00:00,GCP-4A,31.7
2024-09-19 12:00:00,GCP-4B,16.84
2024-09-20 12:00:00,GCP-2A,31.42
2024-09-20 12:00:00,GCP-2B,30.16
2024-09-20 12:00:00,GCP-4A,32.94
2024-09-20 12:00:00,GCP-4B,19.77
2024-09-21 12:00:00,GCP-2A,32.34
2024-09-21 12:00:00,GCP-2B,31.17
2024-09-21 12:00:00,GCP-4A,33.72
2024-09-21 12:00:00,GCP-4B,20.45
2024-09-22 12:00:00,GCP-2A,32.38
2024-09-22 12:00:00,GCP-2B,31.04
2024-09-22 12:00:00,GCP-4A,33.11
2024-09-22 12:00:00,GCP-4B,17.98
2024-09-23 12:00:00,GCP-2A,32.28
2024-09-23 12:00:00,GCP-2B,30.7
2024-09-23 12:00:00,GCP-4A,32.02
2024-09-23 12:00:00,GCP-4B,18.73
2024-09-24 12:00:00,GCP-2A,24.6
2024-09-24 12:00:00,GCP-2B,21.64
2024-09-24 12:00:00,GCP-4A,22.97
2024-09-24 12:00:00,GCP-4B,25.37
2024-09-25 12:00:00,GCP-2A,25.44
2024-09-25 12:00:00,GCP-2B,22.2
2024-09-25 12:00:00,GCP-4A,21.2
2024-09-25 12:00:00,GCP-4B,22.26
2024-09-26 12:00:00,GCP-2A,32.06
2024-09-26 12:00:00,GCP-2B,30.62
2024-09-26 12:00:00,GCP-4A,31.13
2024-09-26 12:00:00,GCP-4B,34.58
2024-09-27 12:00:00,GCP-2A,30.71
2024-09-27 12:00:00,GCP-2B,30.12
2024-09-27 12:00:00,GCP-4A,31.46
2024-09-27 12:00:00,GCP-4B,35.48
2024-09-28 12:00:00,GCP-2A,30.63
2024-09-28 12:00:00,GCP-2B,30.04
2024-09-28 12:00:00,GCP-4A,31.34
2024-09-28 12:00:00,GCP-4B,33.84
2024-09-29 12:00:00,GCP-2A,29.01
2024-09-29 12:00:00,GCP-2B,28.58
2024-09-29 12:00:00,GCP-4A,29.36
2024-09-29 12:00:00,GCP-4B,31.61
2024-09-30 12:00:00,GCP-2A,27.28
2024-09-30 12:00:00,GCP-2B,25.37
2024-09-30 12:00:00,GCP-4A,28.2
2024-09-30 12:00:00,GCP-4B,30.62
2024-10-01 12:00:00,GCP-2A,30.65
2024-10-01 12:00:00,GCP-2B,28.78
2024-10-01 12:00:00,GCP-4A,30.93
2024-10-01 12:00:00,GCP-4B,33.58
2024-10-02 12:00:00,GCP-2A,24.82
2024-10-02 12:00:00,GCP-2B,22.9
2024-10-02 12:00:00,GCP-4A,23.98
2024-10-02 12:00:00,GCP-4B,26.85
2024-10-03 12:00:00,GCP-2A,28.09
2024-10-03 12:00:00,GCP-2B,24.45
2024-10-03 12:00:00,GCP-4A,29.42
2024-10-03 12:00:00,GCP-4B,31.01
2024-10-04 12:00:00,GCP-2A,32.67
2024-10-04 12:00:00,GCP-2B,33.93
2024-10-04 12:00:00,GCP-4A,34.23
2024-10-04 12:00:00,GCP-4B,34.98
2024-10-05 12:00:00,GCP-2A,33.06
2024-10-05 12:00:00,GCP-2B,33.26
2024-10-05 12:00:00,GCP-4A,34.74
2024-10-05 12:00:00,GCP-4B,35.06
2024-10-06 12:00:00,GCP-2A,31.52
2024-10-06 12:00:00,GCP-2B,30.26
2024-10-06 12:00:00,GCP-4A,33.25
2024-10-06 12:00:00,GCP-4B,33.82
2024-10-07 12:00:00,GCP-2A,30.12
2024-10-07 12:00:00,GCP-2B,29.3
2024-10-07 12:00:00,GCP-4A,30.5
2024-10-07 12:00:00,GCP-4B,31.13
2024-10-08 12:00:00,GCP-2A,26.74
2024-10-08 12:00:00,GCP-2B,27.54
2024-10-08 12:00:00,GCP-4A,28.31
2024-10-08 12:00:00,GCP-4B,29.05
2024-10-09 12:00:00,GCP-2A,30.45
2024-10-09 12:00:00,GCP-2B,30.67
2024-10-09 12:00:00,GCP-4A,32.13
2024-10-09 12:00:00,GCP-4B,33.38
2024-10-10 12:00:00,GCP-2A,28.79
2024-10-10 12:00:00,GCP-2B,29.66
2024-10-10 12:00:00,GCP-4A,30.89
2024-10-10 12:00:00,GCP-4B,31.44
2024-10-11 12:00:00,GCP-2A,28.35
2024-10-11 12:00:00,GCP-2B,28.81
2024-10-11 12:00:00,GCP-4A,30.73
2024-10-11 12:00:00,GCP-4B,31.79
2024-10-12 12:00:00,GCP-2A,29.09
2024-10-12 12:00:00,GCP-2B,28.78
2024-10-12 12:00:00,GCP-4A,30.82
2024-10-12 12:00:00,GCP-4B,31.71
2024-10-13 12:00:00,GCP-2A,32.2
2024-10-13 12:00:00,GCP-2B,30.21
2024-10-13 12:00:00,GCP-4A,31.64
2024-10-13 12:00:00,GCP-4B,32.3
2024-10-14 12:00:00,GCP-2A,32.67
2024-10-14 12:00:00,GCP-2B,28.49
2024-10-14 12:00:00,GCP-4A,32.43
2024-10-14 12:00:00,GCP-4B,32.66
2024-10-15 12:00:00,GCP-2A,32.11
2024-10-15 12:00:00,GCP-2B,28.82
2024-10-15 12:00:00,GCP-4A,31.49
2024-10-15 12:00:00,GCP-4B,32.07
2024-10-16 12:00:00,GCP-2A,24.29
2024-10-16 12:00:00,GCP-2B,22.08
2024-10-16 12:00:00,GCP-4A,22.07
2024-10-16 12:00:00,GCP-4B,23.7
2024-10-17 12:00:00,GCP-2A,21.95
2024-10-17 12:00:00,GCP-2B,21.28
2024-10-17 12:00:00,GCP-4A,21.88
2024-10-17 12:00:00,GCP-4B,23.35
2024-10-18 12:00:00,GCP-2A,24.95
2024-10-18 12:00:00,GCP-2B,26.22
2024-10-18 12:00:00,GCP-4A,28.64
2024-10-18 12:00:00,GCP-4B,29.7
2024-10-19 12:00:00,GCP-2A,28.33
2024-10-19 12:00:00,GCP-2B,30.1
2024-10-19 12:00:00,GCP-4A,32.7
2024-10-19 12:00:00,GCP-4B,33.19
2024-10-20 12:00:00,GCP-2A,29.2
2024-10-20 12:00:00,GCP-2B,28.97
2024-10-20 12:00:00,GCP-4A,32.08
2024-10-20 12:00:00,GCP-4B,32.71
2024-10-21 12:00:00,GCP-2A,27.37
2024-10-21 12:00:00,GCP-2B,26.97
2024-10-21 12:00:00,GCP-4A,30.04
2024-10-21 12:00:00,GCP-4B,31.67
2024-10-22 12:00:00,GCP-2A,29.72
2024-10-22 12:00:00,GCP-2B,27.95
2024-10-22 12:00:00,GCP-4A,32.42
2024-10-22 12:00:00,GCP-4B,33.68
2024-10-23 12:00:00,GCP-2A,31.82
2024-10-23 12:00:00,GCP-2B,29.74
2024-10-23 12:00:00,GCP-4A,34.46
2024-10-23 12:00:00,GCP-4B,35.33
2024-10-24 12:00:00,GCP-2A,29.47
2024-10-24 12:00:00,GCP-2B,27.2
2024-10-24 12:00:00,GCP-4A,32.1
2024-10-24 12:00:00,GCP-4B,32.88
2024-10-25 12:00:00,GCP-2A,31.96
2024-10-25 12:00:00,GCP-2B,30.28
2024-10-25 12:00:00,GCP-4A,34.41
2024-10-25 12:00:00,GCP-4B,30.64
2024-10-26 12:00:00,GCP-2A,31.95
2024-10-26 12:00:00,GCP-2B,30.27
2024-10-26 12:00:00,GCP-4A,34.7
2024-10-26 12:00:00,GCP-4B,21.77
2024-10-27 12:00:00,GCP-2A,32.31
2024-10-27 12:00:00,GCP-2B,30.86
2024-10-27 12:00:00,GCP-4A,34.82
2024-10-27 12:00:00,GCP-4B,22.43
2024-10-28 12:00:00,GCP-2A,32.76
2024-10-28 12:00:00,GCP-2B,31.61
2024-10-28 12:00:00,GCP-4A,35.32
2024-10-28 12:00:00,GCP-4B,23.13
2024-10-29 12:00:00,GCP-2A,32.4
2024-10-29 12:00:00,GCP-2B,31.2
2024-10-29 12:00:00,GCP-4A,34.9
2024-10-29 12:00:00,GCP-4B,22.9
2024-10-30 12:00:00,GCP-2A,30.24
2024-10-30 12:00:00,GCP-2B,29.99
2024-10-30 12:00:00,GCP-4A,32.13
2024-10-30 12:00:00,GCP-4B,20.83
2024-10-31 12:00:00,GCP-2A,21.7
2024-10-31 12:00:00,GCP-2B,19.9
2024-10-31 12:00:00,GCP-4A,25.2
2024-10-31 12:00:00,GCP-4B,21.97
2024-11-01 12:00:00,GCP-2A,29.0
2024-11-01 12:00:00,GCP-2B,28.7
2024-11-01 12:00:00,GCP-4A,31.08
2024-11-01 12:00:00,GCP-4B,21.27
2024-11-02 12:00:00,GCP-2A,31.51
2024-11-02 12:00:00,GCP-2B,30.84
2024-11-02 12:00:00,GCP-4A,34.53
2024-11-02 12:00:00,GCP-4B,23.01
2024-11-03 12:00:00,GCP-2A,30.73
2024-11-03 12:00:00,GCP-2B,30.63
2024-11-03 12:00:00,GCP-4A,33.84
2024-11-03 12:00:00,GCP-4B,22.49
2024-11-04 12:00:00,GCP-2A,31.2
2024-11-04 12:00:00,GCP-2B,31.02
2024-11-04 12:00:00,GCP-4A,34.62
2024-11-04 12:00:00,GCP-4B,22.3
2024-11-05 12:00:00,GCP-2A,31.38
2024-11-05 12:00:00,GCP-2B,31.13
2024-11-05 12:00:00,GCP-4A,35.34
2024-11-05 12:00:00,GCP-4B,23.25
2024-11-06 12:00:00,GCP-2A,29.67
2024-11-06 12:00:00,GCP-2B,30.24
2024-11-06 12:00:00,GCP-4A,34.21
2024-11-06 12:00:00,GCP-4B,22.34
2024-11-07 12:00:00,GCP-2A,27.06
2024-11-07 12:00:00,GCP-2B,28.87
2024-11-07 12:00:00,GCP-4A,31.6
2024-11-07 12:00:00,GCP-4B,21.55
2024-11-08 12:00:00,GCP-2A,30.7
2024-11-08 12:00:00,GCP-2B,30.98
2024-11-08 12:00:00,GCP-4A,34.85
2024-11-08 12:00:00,GCP-4B,23.27
2024-11-09 12:00:00,GCP-2A,31.49
2024-11-09 12:00:00,GCP-2B,31.61
2024-11-09 12:00:00,GCP-4A,35.42
2024-11-09 12:00:00,GCP-4B,23.6
2024-11-10 12:00:00,GCP-2A,30.55
2024-11-10 12:00:00,GCP-2B,30.66
2024-11-10 12:00:00,GCP-4A,35.47
2024-11-10 12:00:00,GCP-4B,23.74
2024-11-11 12:00:00,GCP-2A,30.06
2024-11-11 12:00:00,GCP-2B,29.97
2024-11-11 12:00:00,GCP-4A,34.62
2024-11-11 12:00:00,GCP-4B,23.78
2024-11-12 12:00:00,GCP-2A,28.03
2024-11-12 12:00:00,GCP-2B,27.64
2024-11-12 12:00:00,GCP-4A,32.19
2024-11-12 12:00:00,GCP-4B,21.04
2024-11-13 12:00:00,GCP-2A,28.95
2024-11-13 12:00:00,GCP-2B,28.48
2024-11-13 12:00:00,GCP-4A,32.24
2024-11-13 12:00:00,GCP-4B,21.47
2024-11-14 12:00:00,GCP-2A,31.5
2024-11-14 12:00:00,GCP-2B,30.53
2024-11-14 12:00:00,GCP-4A,34.32
2024-11-14 12:00:00,GCP-4B,23.16
2024-11-15 12:00:00,GCP-2A,31.96
2024-11-15 12:00:00,GCP-2B,31.05
2024-11-15 12:00:00,GCP-4A,34.52
2024-11-15 12:00:00,GCP-4B,23.27
2024-11-16 12:00:00,GCP-2A,30.2
2024-11-16 12:00:00,GCP-2B,29.94
2024-11-16 12:00:00,GCP-4A,32.36
2024-11-16 12:00:00,GCP-4B,20.81
2024-11-17 12:00:00,GCP-2A,29.22
2024-11-17 12:00:00,GCP-2B,29.18
2024-11-17 12:00:00,GCP-4A,30.69
2024-11-17 12:00:00,GCP-4B,19.06
2024-11-18 12:00:00,GCP-2A,30.34
2024-11-18 12:00:00,GCP-2B,30.2
2024-11-18 12:00:00,GCP-4A,33.89
2024-11-18 12:00:00,GCP-4B,22.81
2024-11-19 12:00:00,GCP-2A,29.06
2024-11-19 12:00:00,GCP-2B,29.29
2024-11-19 12:00:00,GCP-4A,33.99
2024-11-19 12:00:00,GCP-4B,22.7
2024-11-20 12:00:00,GCP-2A,30.1
2024-11-20 12:00:00,GCP-2B,30.07
2024-11-20 12:00:00,GCP-4A,34.39
2024-11-20 12:00:00,GCP-4B,23.24
2024-11-21 12:00:00,GCP-2A,30.39
2024-11-21 12:00:00,GCP-2B,30.12
2024-11-21 12:00:00,GCP-4A,34.66
2024-11-21 12:00:00,GCP-4B,21.61
2024-11-22 12:00:00,GCP-2A,30.23
2024-11-22 12:00:00,GCP-2B,30.44
2024-11-22 12:00:00,GCP-4A,34.81
2024-11-22 12:00:00,GCP-4B,22.62
2024-11-23 12:00:00,GCP-2A,30.38
2024-11-23 12:00:00,GCP-2B,30.36
2024-11-23 12:00:00,GCP-4A,34.51
2024-11-23 12:00:00,GCP-4B,23.42
2024-11-24 12:00:00,GCP-2A,29.89
2024-11-24 12:00:00,GCP-2B,29.89
2024-11-24 12:00:00,GCP-4A,33.7
2024-11-24 12:00:00,GCP-4B,23.19
2024-11-25 12:00:00,GCP-2A,30.16
2024-11-25 12:00:00,GCP-2B,30.18
2024-11-25 12:00:00,GCP-4A,33.87
2024-11-25 12:00:00,GCP-4B,23.37
2024-11-26 12:00:00,GCP-2A,31.42
2024-11-26 12:00:00,GCP-2B,30.88
2024-11-26 12:00:00,GCP-4A,35.01
2024-11-26 12:00:00,GCP-4B,25.4
2024-11-27 12:00:00,GCP-2A,32.15
2024-11-27 12:00:00,GCP-2B,31.93
2024-11-27 12:00:00,GCP-4A,35.63
2024-11-27 12:00:00,GCP-4B,26.34
2024-11-28 12:00:00,GCP-2A,30.2
2024-11-28 12:00:00,GCP-2B,30.38
2024-11-28 12:00:00,GCP-4A,34.87
2024-11-28 12:00:00,GCP-4B,26.49
2024-11-29 12:00:00,GCP-2A,30.87
2024-11-29 12:00:00,GCP-2B,30.48
2024-11-29 12:00:00,GCP-4A,34.63
2024-11-29 12:00:00,GCP-4B,26.31
2024-11-30 12:00:00,GCP-2A,32.05
2024-11-30 12:00:00,GCP-2B,31.41
2024-11-30 12:00:00,GCP-4A,36.1
2024-11-30 12:00:00,GCP-4B,28.27
2024-12-01 12:00:00,GCP-2A,31.66
2024-12-01 12:00:00,GCP-2B,30.18
2024-12-01 12:00:00,GCP-4A,36.06
2024-12-01 12:00:00,GCP-4B,27.45
2024-12-02 12:00:00,GCP-2A,31.77
2024-12-02 12:00:00,GCP-2B,30.98
2024-12-02 12:00:00,GCP-4A,36.18
2024-12-02 12:00:00,GCP-4B,27.58
2024-12-03 12:00:00,GCP-2A,30.57
2024-12-03 12:00:00,GCP-2B,29.79
2024-12-03 12:00:00,GCP-4A,34.83
2024-12-03 12:00:00,GCP-4B,28.2
2024-12-04 12:00:00,GCP-2A,19.33
2024-12-04 12:00:00,GCP-2B,20.58
2024-12-04 12:00:00,GCP-4A,27.29
2024-12-04 12:00:00,GCP-4B,22.28
2024-12-05 12:00:00,GCP-2A,18.83
2024-12-05 12:00:00,GCP-2B,19.04
2024-12-05 12:00:00,GCP-4A,26.18
2024-12-05 12:00:00,GCP-4B,21.75
2024-12-06 12:00:00,GCP-2A,21.79
2024-12-06 12:00:00,GCP-2B,20.68
2024-12-06 12:00:00,GCP-4A,23.3
2024-12-06 12:00:00,GCP-4B,20.82
2024-12-07 12:00:00,GCP-2A,22.42
2024-12-07 12:00:00,GCP-2B,20.75
2024-12-07 12:00:00,GCP-4A,23.07
2024-12-07 12:00:00,GCP-4B,20.92
2024-12-08 12:00:00,GCP-2A,21.9
2024-12-08 12:00:00,GCP-2B,20.3
2024-12-08 12:00:00,GCP-4A,22.81
2024-12-08 12:00:00,GCP-4B,21.02
2024-12-09 12:00:00,GCP-2A,23.78
2024-12-09 12:00:00,GCP-2B,22.49
2024-12-09 12:00:00,GCP-4A,24.85
2024-12-09 12:00:00,GCP-4B,23.63
2024-12-10 12:00:00,GCP-2A,23.44
2024-12-10 12:00:00,GCP-2B,22.17
2024-12-10 12:00:00,GCP-4A,24.83
2024-12-10 12:00:00,GCP-4B,23.41
2024-12-11 12:00:00,GCP-2A,23.79
2024-12-11 12:00:00,GCP-2B,22.61
2024-12-11 12:00:00,GCP-4A,25.14
2024-12-11 12:00:00,GCP-4B,23.7
2024-12-12 12:00:00,GCP-2A,22.96
2024-12-12 12:00:00,GCP-2B,23.04
2024-12-12 12:00:00,GCP-4A,25.27
2024-12-12 12:00:00,GCP-4B,23.86
2024-12-13 12:00:00,GCP-2A,22.45
2024-12-13 12:00:00,GCP-2B,22.3
2024-12-13 12:00:00,GCP-4A,24.81
2024-12-13 12:00:00,GCP-4B,23.47
2024-12-14 12:00:00,GCP-2A,21.73
2024-12-14 12:00:00,GCP-2B,21.44
2024-12-14 12:00:00,GCP-4A,24.12
2024-12-14 12:00:00,GCP-4B,22.8
2024-12-15 12:00:00,GCP-2A,21.83
2024-12-15 12:00:00,GCP-2B,21.26
2024-12-15 12:00:00,GCP-4A,24.01
2024-12-15 12:00:00,GCP-4B,23.06
2024-12-16 12:00:00,GCP-2A,22.78
2024-12-16 12:00:00,GCP-2B,22.17
2024-12-16 12:00:00,GCP-4A,24.96
2024-12-16 12:00:00,GCP-4B,23.84
2024-12-17 12:00:00,GCP-2A,22.49
2024-12-17 12:00:00,GCP-2B,21.51
2024-12-17 12:00:00,GCP-4A,24.47
2024-12-17 12:00:00,GCP-4B,23.42
2024-12-18 12:00:00,GCP-2A,22.02
2024-12-18 12:00:00,GCP-2B,21.46
2024-12-18 12:00:00,GCP-4A,24.17
2024-12-18 12:00:00,GCP-4B,22.97
2024-12-19 12:00:00,GCP-2A,22.71
2024-12-19 12:00:00,GCP-2B,21.9
2024-12-19 12:00:00,GCP-4A,24.76
2024-12-19 12:00:00,GCP-4B,23.27
2024-12-20 12:00:00,GCP-2A,22.89
2024-12-20 12:00:00,GCP-2B,21.38
2024-12-20 12:00:00,GCP-4A,24.08
2024-12-20 12:00:00,GCP-4B,21.92
2024-12-21 12:00:00,GCP-2A,24.04
2024-12-21 12:00:00,GCP-2B,22.81
2024-12-21 12:00:00,GCP-4A,25.57
2024-12-21 12:00:00,GCP-4B,22.21
2024-12-22 12:00:00,GCP-2A,22.63
2024-12-22 12:00:00,GCP-2B,22.96
2024-12-22 12:00:00,GCP-4A,21.43
2024-12-22 12:00:00,GCP-4B,19.3
2024-12-23 12:00:00,GCP-2A,21.55
2024-12-23 12:00:00,GCP-2B,20.97
2024-12-23 12:00:00,GCP-4A,15.81
2024-12-23 12:00:00,GCP-4B,16.27
2024-12-24 12:00:00,GCP-2A,22.08
2024-12-24 12:00:00,GCP-2B,19.49
2024-12-24 12:00:00,GCP-4A,17.83
2024-12-24 12:00:00,GCP-4B,18.0
2024-12-25 12:00:00,GCP-2A,25.36
2024-12-25 12:00:00,GCP-2B,15.5
2024-12-25 12:00:00,GCP-4A,19.43
2024-12-25 12:00:00,GCP-4B,19.76
2024-12-26 12:00:00,GCP-2A,13.02
2024-12-26 12:00:00,GCP-2B,11.45
2024-12-26 12:00:00,GCP-4A,19.2
2024-12-26 12:00:00,GCP-4B,19.83
2024-12-27 12:00:00,GCP-2A,16.01
2024-12-27 12:00:00,GCP-2B,15.76
2024-12-27 12:00:00,GCP-4A,18.46
2024-12-27 12:00:00,GCP-4B,18.21
2024-12-28 12:00:00,GCP-2A,16.43
2024-12-28 12:00:00,GCP-2B,15.93
2024-12-28 12:00:00,GCP-4A,16.58
2024-12-28 12:00:00,GCP-4B,15.82
2024-12-29 12:00:00,GCP-2A,21.34
2024-12-29 12:00:00,GCP-2B,18.78
2024-12-29 12:00:00,GCP-4A,21.52
2024-12-29 12:00:00,GCP-4B,21.7
2024-12-30 12:00:00,GCP-2A,22.35
2024-12-30 12:00:00,GCP-2B,20.24
2024-12-30 12:00:00,GCP-4A,22.28
2024-12-30 12:00:00,GCP-4B,21.53
2024-12-31 12:00:00,GCP-2A,19.97
2024-12-31 12:00:00,GCP-2B,19.04
2024-12-31 12:00:00,GCP-4A,21.15
2024-12-31 12:00:00,GCP-4B,20.65
2025-01-01 12:00:00,GCP-2A,24.2
2025-01-01 12:00:00,GCP-2B,22.66
2025-01-01 12:00:00,GCP-4A,23.62
2025-01-01 12:00:00,GCP-4B,20.89
2025-01-02 12:00:00,GCP-2A,30.32
2025-01-02 12:00:00,GCP-2B,29.46
2025-01-02 12:00:00,GCP-4A,29.76
2025-01-02 12:00:00,GCP-4B,24.52
2025-01-03 12:00:00,GCP-2A,32.91
2025-01-03 12:00:00,GCP-2B,32.17
2025-01-03 12:00:00,GCP-4A,32.59
2025-01-03 12:00:00,GCP-4B,26.03
2025-01-04 12:00:00,GCP-2A,31.45
2025-01-04 12:00:00,GCP-2B,29.29
2025-01-04 12:00:00,GCP-4A,31.44
2025-01-04 12:00:00,GCP-4B,25.08
2025-01-05 12:00:00,GCP-2A,32.38
2025-01-05 12:00:00,GCP-2B,32.02
2025-01-05 12:00:00,GCP-4A,32.49
2025-01-05 12:00:00,GCP-4B,26.6
2025-01-06 12:00:00,GCP-2A,33.68
2025-01-06 12:00:00,GCP-2B,33.24
2025-01-06 12:00:00,GCP-4A,33.4
2025-01-06 12:00:00,GCP-4B,27.79
2025-01-07 12:00:00,GCP-2A,32.87
2025-01-07 12:00:00,GCP-2B,30.97
2025-01-07 12:00:00,GCP-4A,32.61
2025-01-07 12:00:00,GCP-4B,26.45
2025-01-08 12:00:00,GCP-2A,31.21
2025-01-08 12:00:00,GCP-2B,28.65
2025-01-08 12:00:00,GCP-4A,30.18
2025-01-08 12:00:00,GCP-4B,23.85
2025-01-09 12:00:00,GCP-2A,30.73
2025-01-09 12:00:00,GCP-2B,28.65
2025-01-09 12:00:00,GCP-4A,30.48
2025-01-09 12:00:00,GCP-4B,24.39
2025-01-10 12:00:00,GCP-2A,34.5
2025-01-10 12:00:00,GCP-2B,34.07
2025-01-10 12:00:00,GCP-4A,33.49
2025-01-10 12:00:00,GCP-4B,27.59
2025-01-11 12:00:00,GCP-2A,32.56
2025-01-11 12:00:00,GCP-2B,33.82
2025-01-11 12:00:00,GCP-4A,31.17
2025-01-11 12:00:00,GCP-4B,25.5
2025-01-12 12:00:00,GCP-2A,32.61
2025-01-12 12:00:00,GCP-2B,30.46
2025-01-12 12:00:00,GCP-4A,32.31
2025-01-12 12:00:00,GCP-4B,26.12
2025-01-13 12:00:00,GCP-2A,31.65
2025-01-13 12:00:00,GCP-2B,29.07
2025-01-13 12:00:00,GCP-4A,31.5
2025-01-13 12:00:00,GCP-4B,25.16
2025-01-14 12:00:00,GCP-2A,27.63
2025-01-14 12:00:00,GCP-2B,25.85
2025-01-14 12:00:00,GCP-4A,29.33
2025-01-14 12:00:00,GCP-4B,24.12
2025-01-15 12:00:00,GCP-2A,28.01
2025-01-15 12:00:00,GCP-2B,25.0
2025-01-15 12:00:00,GCP-4A,30.75
2025-01-15 12:00:00,GCP-4B,24.58
2025-01-16 12:00:00,GCP-2A,29.52
2025-01-16 12:00:00,GCP-2B,25.54
2025-01-16 12:00:00,GCP-4A,32.06
2025-01-16 12:00:00,GCP-4B,26.1
2025-01-17 12:00:00,GCP-2A,29.12
2025-01-17 12:00:00,GCP-2B,26.38
2025-01-17 12:00:00,GCP-4A,29.96
2025-01-17 12:00:00,GCP-4B,24.14
2025-01-18 12:00:00,GCP-2A,33.9
2025-01-18 12:00:00,GCP-2B,31.19
2025-01-18 12:00:00,GCP-4A,33.67
2025-01-18 12:00:00,GCP-4B,27.49
2025-01-19 12:00:00,GCP-2A,34.06
2025-01-19 12:00:00,GCP-2B,32.08
2025-01-19 12:00:00,GCP-4A,33.93
2025-01-19 12:00:00,GCP-4B,30.84
2025-01-20 12:00:00,GCP-2A,32.39
2025-01-20 12:00:00,GCP-2B,29.77
2025-01-20 12:00:00,GCP-4A,32.57
2025-01-20 12:00:00,GCP-4B,28.55
2025-01-21 12:00:00,GCP-2A,35.0
2025-01-21 12:00:00,GCP-2B,33.61
2025-01-21 12:00:00,GCP-4A,34.83
2025-01-21 12:00:00,GCP-4B,29.28
2025-01-22 12:00:00,GCP-2A,33.34
2025-01-22 12:00:00,GCP-2B,31.73
2025-01-22 12:00:00,GCP-4A,33.55
2025-01-22 12:00:00,GCP-4B,28.03
2025-01-23 12:00:00,GCP-2A,35.4
2025-01-23 12:00:00,GCP-2B,34.64
2025-01-23 12:00:00,GCP-4A,35.32
2025-01-23 12:00:00,GCP-4B,29.73
2025-01-24 12:00:00,GCP-2A,35.54
2025-01-24 12:00:00,GCP-2B,34.52
2025-01-24 12:00:00,GCP-4A,35.15
2025-01-24 12:00:00,GCP-4B,29.33
2025-01-25 12:00:00,GCP-2A,36.82
2025-01-25 12:00:00,GCP-2B,36.18
2025-01-25 12:00:00,GCP-4A,36.7
2025-01-25 12:00:00,GCP-4B,31.03
2025-01-26 12:00:00,GCP-2A,35.42
2025-01-26 12:00:00,GCP-2B,34.35
2025-01-26 12:00:00,GCP-4A,36.11
2025-01-26 12:00:00,GCP-4B,30.2
2025-01-27 12:00:00,GCP-2A,31.78
2025-01-27 12:00:00,GCP-2B,35.46
2025-01-27 12:00:00,GCP-4A,36.63
2025-01-27 12:00:00,GCP-4B,31.29
2025-01-28 12:00:00,GCP-2A,26.14
2025-01-28 12:00:00,GCP-2B,36.1
2025-01-28 12:00:00,GCP-4A,37.17
2025-01-28 12:00:00,GCP-4B,32.54
2025-01-29 12:00:00,GCP-2A,34.38
2025-01-29 12:00:00,GCP-2B,33.88
2025-01-29 12:00:00,GCP-4A,35.68
2025-01-29 12:00:00,GCP-4B,30.12
2025-01-30 12:00:00,GCP-2A,35.63
2025-01-30 12:00:00,GCP-2B,34.86
2025-01-30 12:00:00,GCP-4A,36.63
2025-01-30 12:00:00,GCP-4B,31.55
2025-01-31 12:00:00,GCP-2A,35.45
2025-01-31 12:00:00,GCP-2B,35.54
2025-01-31 12:00:00,GCP-4A,36.55
2025-01-31 12:00:00,GCP-4B,31.17
2025-02-01 12:00:00,GCP-2A,36.8
2025-02-01 12:00:00,GCP-2B,36.97
2025-02-01 12:00:00,GCP-4A,37.87
2025-02-01 12:00:00,GCP-4B,32.78
2025-02-02 12:00:00,GCP-2A,36.74
2025-02-02 12:00:00,GCP-2B,36.98
2025-02-02 12:00:00,GCP-4A,37.38
2025-02-02 12:00:00,GCP-4B,32.69
2025-02-03 12:00:00,GCP-2A,37.37
2025-02-03 12:00:00,GCP-2B,37.59
2025-02-03 12:00:00,GCP-4A,37.84
2025-02-03 12:00:00,GCP-4B,33.29
2025-02-04 12:00:00,GCP-2A,36.32
2025-02-04 12:00:00,GCP-2B,35.89
2025-02-04 12:00:00,GCP-4A,37.23
2025-02-04 12:00:00,GCP-4B,32.37
2025-02-05 12:00:00,GCP-2A,29.72
2025-02-05 12:00:00,GCP-2B,27.0
2025-02-05 12:00:00,GCP-4A,30.29
2025-02-05 12:00:00,GCP-4B,23.62
2025-02-06 12:00:00,GCP-2A,24.2
2025-02-06 12:00:00,GCP-2B,23.36
2025-02-06 12:00:00,GCP-4A,24.6
2025-02-06 12:00:00,GCP-4B,22.6
2025-02-07 12:00:00,GCP-2A,32.2
2025-02-07 12:00:00,GCP-2B,32.58
2025-02-07 12:00:00,GCP-4A,32.85
2025-02-07 12:00:00,GCP-4B,28.82
2025-02-08 12:00:00,GCP-2A,36.04
2025-02-08 12:00:00,GCP-2B,35.99
2025-02-08 12:00:00,GCP-4A,36.88
2025-02-08 12:00:00,GCP-4B,32.39
2025-02-09 12:00:00,GCP-2A,36.05
2025-02-09 12:00:00,GCP-2B,35.9
2025-02-09 12:00:00,GCP-4A,36.99
2025-02-09 12:00:00,GCP-4B,32.53
2025-02-10 12:00:00,GCP-2A,36.4
2025-02-10 12:00:00,GCP-2B,35.96
2025-02-10 12:00:00,GCP-4A,37.57
2025-02-10 12:00:00,GCP-4B,33.28
2025-02-11 12:00:00,GCP-2A,36.46
2025-02-11 12:00:00,GCP-2B,36.37
2025-02-11 12:00:00,GCP-4A,37.95
2025-02-11 12:00:00,GCP-4B,33.53
2025-02-12 12:00:00,GCP-2A,32.12
2025-02-12 12:00:00,GCP-2B,30.79
2025-02-12 12:00:00,GCP-4A,34.69
2025-02-12 12:00:00,GCP-4B,30.64
2025-02-13 12:00:00,GCP-2A,37.03
2025-02-13 12:00:00,GCP-2B,37.87
2025-02-13 12:00:00,GCP-4A,38.98
2025-02-13 12:00:00,GCP-4B,34.57
2025-02-14 12:00:00,GCP-2A,35.95
2025-02-14 12:00:00,GCP-2B,36.65
2025-02-14 12:00:00,GCP-4A,37.86
2025-02-14 12:00:00,GCP-4B,33.17
2025-02-15 12:00:00,GCP-2A,36.12
2025-02-15 12:00:00,GCP-2B,37.19
2025-02-15 12:00:00,GCP-4A,37.88
2025-02-15 12:00:00,GCP-4B,33.43
2025-02-16 12:00:00,GCP-2A,36.91
2025-02-16 12:00:00,GCP-2B,37.93
2025-02-16 12:00:00,GCP-4A,38.17
2025-02-16 12:00:00,GCP-4B,34.03
2025-02-17 12:00:00,GCP-2A,34.58
2025-02-17 12:00:00,GCP-2B,35.18
2025-02-17 12:00:00,GCP-4A,33.51
2025-02-17 12:00:00,GCP-4B,31.56
2025-02-18 12:00:00,GCP-2A,36.02
2025-02-18 12:00:00,GCP-2B,36.34
2025-02-18 12:00:00,GCP-4A,35.73
2025-02-18 12:00:00,GCP-4B,32.77
2025-02-19 12:00:00,GCP-2A,32.88
2025-02-19 12:00:00,GCP-2B,33.84
2025-02-19 12:00:00,GCP-4A,37.51
2025-02-19 12:00:00,GCP-4B,32.91
2025-02-20 12:00:00,GCP-2A,35.64
2025-02-20 12:00:00,GCP-2B,37.24
2025-02-20 12:00:00,GCP-4A,37.16
2025-02-20 12:00:00,GCP-4B,32.14
2025-02-21 12:00:00,GCP-2A,35.09
2025-02-21 12:00:00,GCP-2B,35.71
2025-02-21 12:00:00,GCP-4A,36.33
2025-02-21 12:00:00,GCP-4B,30.95
2025-02-22 12:00:00,GCP-2A,35.47
2025-02-22 12:00:00,GCP-2B,36.39
2025-02-22 12:00:00,GCP-4A,36.72
2025-02-22 12:00:00,GCP-4B,31.39
2025-02-23 12:00:00,GCP-2A,36.33
2025-02-23 12:00:00,GCP-2B,37.25
2025-02-23 12:00:00,GCP-4A,37.35
2025-02-23 12:00:00,GCP-4B,32.29
2025-02-24 12:00:00,GCP-2A,34.67
2025-02-24 12:00:00,GCP-2B,35.09
2025-02-24 12:00:00,GCP-4A,35.95
2025-02-24 12:00:00,GCP-4B,31.08
2025-02-25 12:00:00,GCP-2A,32.33
2025-02-25 12:00:00,GCP-2B,31.46
2025-02-25 12:00:00,GCP-4A,33.25
2025-02-25 12:00:00,GCP-4B,28.91
2025-02-26 12:00:00,GCP-2A,22.45
2025-02-26 12:00:00,GCP-2B,19.96
2025-02-26 12:00:00,GCP-4A,23.71
2025-02-26 12:00:00,GCP-4B,21.82
2025-02-27 12:00:00,GCP-2A,21.4
2025-02-27 12:00:00,GCP-2B,20.19
2025-02-27 12:00:00,GCP-4A,22.57
2025-02-27 12:00:00,GCP-4B,23.83
2025-02-28 12:00:00,GCP-2A,28.84
2025-02-28 12:00:00,GCP-2B,28.69
2025-02-28 12:00:00,GCP-4A,29.35
2025-02-28 12:00:00,GCP-4B,25.03
2025-03-01 12:00:00,GCP-2A,35.53
2025-03-01 12:00:00,GCP-2B,36.12
2025-03-01 12:00:00,GCP-4A,36.28
2025-03-01 12:00:00,GCP-4B,31.12
2025-03-02 12:00:00,GCP-2A,32.37
2025-03-02 12:00:00,GCP-2B,34.18
2025-03-02 12:00:00,GCP-4A,34.99
2025-03-02 12:00:00,GCP-4B,29.26
2025-03-03 12:00:00,GCP-2A,33.58
2025-03-03 12:00:00,GCP-2B,34.44
2025-03-03 12:00:00,GCP-4A,34.63
2025-03-03 12:00:00,GCP-4B,28.96
2025-03-04 12:00:00,GCP-2A,35.28
2025-03-04 12:00:00,GCP-2B,36.06
2025-03-04 12:00:00,GCP-4A,36.18
2025-03-04 12:00:00,GCP-4B,30.51
2025-03-05 12:00:00,GCP-2A,35.4
2025-03-05 12:00:00,GCP-2B,36.18
2025-03-05 12:00:00,GCP-4A,36.16
2025-03-05 12:00:00,GCP-4B,30.77
2025-03-06 12:00:00,GCP-2A,34.78
2025-03-06 12:00:00,GCP-2B,36.12
2025-03-06 12:00:00,GCP-4A,35.94
2025-03-06 12:00:00,GCP-4B,29.84
2025-03-07 12:00:00,GCP-2A,34.03
2025-03-07 12:00:00,GCP-2B,35.24
2025-03-07 12:00:00,GCP-4A,34.84
2025-03-07 12:00:00,GCP-4B,27.9
2025-03-08 12:00:00,GCP-2A,33.07
2025-03-08 12:00:00,GCP-2B,34.63
2025-03-08 12:00:00,GCP-4A,34.27
2025-03-08 12:00:00,GCP-4B,28.34
2025-03-09 12:00:00,GCP-2A,33.63
2025-03-09 12:00:00,GCP-2B,35.04
2025-03-09 12:00:00,GCP-4A,34.21
2025-03-09 12:00:00,GCP-4B,28.11
2025-03-10 12:00:00,GCP-2A,35.49
2025-03-10 12:00:00,GCP-2B,36.9
2025-03-10 12:00:00,GCP-4A,36.61
2025-03-10 12:00:00,GCP-4B,30.84
2025-03-11 12:00:00,GCP-2A,34.62
2025-03-11 12:00:00,GCP-2B,36.18
2025-03-11 12:00:00,GCP-4A,36.2
2025-03-11 12:00:00,GCP-4B,30.51
2025-03-12 12:00:00,GCP-2A,34.88
2025-03-12 12:00:00,GCP-2B,36.1
2025-03-12 12:00:00,GCP-4A,36.16
2025-03-12 12:00:00,GCP-4B,30.2
2025-03-13 12:00:00,GCP-2A,30.7
2025-03-13 12:00:00,GCP-2B,28.98
2025-03-13 12:00:00,GCP-4A,32.04
2025-03-13 12:00:00,GCP-4B,26.29
2025-03-14 12:00:00,GCP-2A,18.12
2025-03-14 12:00:00,GCP-2B,16.81
2025-03-14 12:00:00,GCP-4A,17.04
2025-03-14 12:00:00,GCP-4B,18.39
2025-03-15 12:00:00,GCP-2A,20.76
2025-03-15 12:00:00,GCP-2B,20.13
2025-03-15 12:00:00,GCP-4A,22.68
2025-03-15 12:00:00,GCP-4B,19.07
2025-03-16 12:00:00,GCP-2A,15.85
2025-03-16 12:00:00,GCP-2B,17.84
2025-03-16 12:00:00,GCP-4A,21.35
2025-03-16 12:00:00,GCP-4B,20.19
2025-03-17 12:00:00,GCP-2A,19.48
2025-03-17 12:00:00,GCP-2B,14.45
2025-03-17 12:00:00,GCP-4A,19.92
2025-03-17 12:00:00,GCP-4B,20.85
2025-03-18 12:00:00,GCP-2A,20.81
2025-03-18 12:00:00,GCP-2B,15.78
2025-03-18 12:00:00,GCP-4A,21.23
2025-03-18 12:00:00,GCP-4B,22.13
2025-03-19 12:00:00,GCP-2A,21.25
2025-03-19 12:00:00,GCP-2B,17.48
2025-03-19 12:00:00,GCP-4A,20.91
2025-03-19 12:00:00,GCP-4B,21.18
2025-03-20 12:00:00,GCP-2A,21.27
2025-03-20 12:00:00,GCP-2B,15.64
2025-03-20 12:00:00,GCP-4A,21.01
2025-03-20 12:00:00,GCP-4B,20.79
2025-03-21 12:00:00,GCP-2A,21.53
2025-03-21 12:00:00,GCP-2B,16.91
2025-03-21 12:00:00,GCP-4A,21.75
2025-03-21 12:00:00,GCP-4B,21.63
2025-03-22 12:00:00,GCP-2A,21.72
2025-03-22 12:00:00,GCP-2B,20.06
2025-03-22 12:00:00,GCP-4A,22.45
2025-03-22 12:00:00,GCP-4B,21.47
2025-03-23 12:00:00,GCP-2A,20.97
2025-03-23 12:00:00,GCP-2B,22.31
2025-03-23 12:00:00,GCP-4A,21.28
2025-03-23 12:00:00,GCP-4B,20.02
2025-03-24 12:00:00,GCP-2A,33.18
2025-03-24 12:00:00,GCP-2B,34.31
2025-03-24 12:00:00,GCP-4A,33.78
2025-03-24 12:00:00,GCP-4B,28.96
2025-03-25 12:00:00,GCP-2A,33.86
2025-03-25 12:00:00,GCP-2B,35.17
2025-03-25 12:00:00,GCP-4A,34.68
2025-03-25 12:00:00,GCP-4B,29.64
2025-03-26 12:00:00,GCP-2A,35.21
2025-03-26 12:00:00,GCP-2B,36.14
2025-03-26 12:00:00,GCP-4A,36.32
2025-03-26 12:00:00,GCP-4B,31.2
2025-03-27 12:00:00,GCP-2A,34.97
2025-03-27 12:00:00,GCP-2B,35.51
2025-03-27 12:00:00,GCP-4A,35.66
2025-03-27 12:00:00,GCP-4B,30.02
2025-03-28 12:00:00,GCP-2A,35.61
2025-03-28 12:00:00,GCP-2B,36.55
2025-03-28 12:00:00,GCP-4A,36.97
2025-03-28 12:00:00,GCP-4B,31.98
2025-03-29 12:00:00,GCP-2A,33.67
2025-03-29 12:00:00,GCP-2B,34.56
2025-03-29 12:00:00,GCP-4A,34.97
2025-03-29 12:00:00,GCP-4B,30.06
2025-03-30 12:00:00,GCP-2A,35.15
2025-03-30 12:00:00,GCP-2B,36.3
2025-03-30 12:00:00,GCP-4A,36.16
2025-03-30 12:00:00,GCP-4B,31.16
2025-03-31 12:00:00,GCP-2A,36.03
2025-03-31 12:00:00,GCP-2B,37.05
2025-03-31 12:00:00,GCP-4A,37.41
2025-03-31 12:00:00,GCP-4B,32.64
2025-04-01 12:00:00,GCP-2A,22.88
2025-04-01 12:00:00,GCP-2B,22.27
2025-04-01 12:00:00,GCP-4A,25.48
2025-04-01 12:00:00,GCP-4B,25.51
2025-04-02 12:00:00,GCP-2A,19.42
2025-04-02 12:00:00,GCP-2B,18.13
2025-04-02 12:00:00,GCP-4A,23.81
2025-04-02 12:00:00,GCP-4B,20.65
2025-04-03 12:00:00,GCP-2A,30.03
2025-04-03 12:00:00,GCP-2B,30.96
2025-04-03 12:00:00,GCP-4A,31.4
2025-04-03 12:00:00,GCP-4B,27.93
2025-04-04 12:00:00,GCP-2A,34.63
2025-04-04 12:00:00,GCP-2B,36.09
2025-04-04 12:00:00,GCP-4A,35.95
2025-04-04 12:00:00,GCP-4B,31.68
2025-04-05 12:00:00,GCP-2A,34.67
2025-04-05 12:00:00,GCP-2B,36.16
2025-04-05 12:00:00,GCP-4A,35.83
2025-04-05 12:00:00,GCP-4B,31.95
2025-04-06 12:00:00,GCP-2A,36.57
2025-04-06 12:00:00,GCP-2B,37.56
2025-04-06 12:00:00,GCP-4A,37.94
2025-04-06 12:00:00,GCP-4B,33.47
2025-04-07 12:00:00,GCP-2A,35.84
2025-04-07 12:00:00,GCP-2B,36.88
2025-04-07 12:00:00,GCP-4A,37.2
2025-04-07 12:00:00,GCP-4B,32.54
2025-04-08 12:00:00,GCP-2A,34.37
2025-04-08 12:00:00,GCP-2B,35.62
2025-04-08 12:00:00,GCP-4A,36.03
2025-04-08 12:00:00,GCP-4B,31.45
2025-04-09 12:00:00,GCP-2A,34.09
2025-04-09 12:00:00,GCP-2B,34.85
2025-04-09 12:00:00,GCP-4A,35.81
2025-04-09 12:00:00,GCP-4B,30.73
2025-04-10 12:00:00,GCP-2A,33.95
2025-04-10 12:00:00,GCP-2B,34.64
2025-04-10 12:00:00,GCP-4A,36.31
2025-04-10 12:00:00,GCP-4B,30.89
2025-04-11 12:00:00,GCP-2A,33.95
2025-04-11 12:00:00,GCP-2B,35.0
2025-04-11 12:00:00,GCP-4A,35.78
2025-04-11 12:00:00,GCP-4B,30.84
2025-04-12 12:00:00,GCP-2A,35.04
2025-04-12 12:00:00,GCP-2B,35.61
2025-04-12 12:00:00,GCP-4A,36.47
2025-04-12 12:00:00,GCP-4B,31.69
2025-04-13 12:00:00,GCP-2A,32.57
2025-04-13 12:00:00,GCP-2B,33.16
2025-04-13 12:00:00,GCP-4A,33.97
2025-04-13 12:00:00,GCP-4B,28.78
2025-04-14 12:00:00,GCP-2A,34.06
2025-04-14 12:00:00,GCP-2B,34.57
2025-04-14 12:00:00,GCP-4A,35.42
2025-04-14 12:00:00,GCP-4B,32.7
2025-04-15 12:00:00,GCP-2A,32.86
2025-04-15 12:00:00,GCP-2B,33.85
2025-04-15 12:00:00,GCP-4A,34.8
2025-04-15 12:00:00,GCP-4B,32.32
2025-04-16 12:00:00,GCP-2A,34.29
2025-04-16 12:00:00,GCP-2B,35.58
2025-04-16 12:00:00,GCP-4A,36.1
2025-04-16 12:00:00,GCP-4B,31.8
2025-04-17 12:00:00,GCP-2A,35.06
2025-04-17 12:00:00,GCP-2B,35.96
2025-04-17 12:00:00,GCP-4A,36.27
2025-04-17 12:00:00,GCP-4B,31.65
2025-04-18 12:00:00,GCP-2A,30.11
2025-04-18 12:00:00,GCP-2B,33.31
2025-04-18 12:00:00,GCP-4A,33.31
2025-04-18 12:00:00,GCP-4B,29.11
2025-04-19 12:00:00,GCP-2A,26.82
2025-04-19 12:00:00,GCP-2B,36.61
2025-04-19 12:00:00,GCP-4A,36.42
2025-04-19 12:00:00,GCP-4B,32.13
2025-04-20 12:00:00,GCP-2A,27.23
2025-04-20 12:00:00,GCP-2B,37.34
2025-04-20 12:00:00,GCP-4A,37.27
2025-04-20 12:00:00,GCP-4B,32.83
2025-04-21 12:00:00,GCP-2A,26.45
2025-04-21 12:00:00,GCP-2B,36.55
2025-04-21 12:00:00,GCP-4A,36.68
2025-04-21 12:00:00,GCP-4B,32.3
2025-04-22 12:00:00,GCP-2A,25.82
2025-04-22 12:00:00,GCP-2B,34.03
2025-04-22 12:00:00,GCP-4A,34.42
2025-04-22 12:00:00,GCP-4B,30.62
2025-04-23 12:00:00,GCP-2A,25.88
2025-04-23 12:00:00,GCP-2B,36.59
2025-04-23 12:00:00,GCP-4A,37.12
2025-04-23 12:00:00,GCP-4B,33.29
2025-04-24 12:00:00,GCP-2A,25.72
2025-04-24 12:00:00,GCP-2B,36.55
2025-04-24 12:00:00,GCP-4A,36.82
2025-04-24 12:00:00,GCP-4B,32.97
2025-04-25 12:00:00,GCP-2A,26.09
2025-04-25 12:00:00,GCP-2B,36.42
2025-04-25 12:00:00,GCP-4A,37.3
2025-04-25 12:00:00,GCP-4B,33.0
2025-04-26 12:00:00,GCP-2A,25.38
2025-04-26 12:00:00,GCP-2B,35.72
2025-04-26 12:00:00,GCP-4A,36.52
2025-04-26 12:00:00,GCP-4B,32.8
2025-04-27 12:00:00,GCP-2A,26.82
2025-04-27 12:00:00,GCP-2B,37.52
2025-04-27 12:00:00,GCP-4A,37.81
2025-04-27 12:00:00,GCP-4B,33.97
2025-04-28 12:00:00,GCP-2A,25.45
2025-04-28 12:00:00,GCP-2B,36.11
2025-04-28 12:00:00,GCP-4A,36.83
2025-04-28 12:00:00,GCP-4B,32.89
2025-04-29 12:00:00,GCP-2A,24.84
2025-04-29 12:00:00,GCP-2B,34.64
2025-04-29 12:00:00,GCP-4A,35.82
2025-04-29 12:00:00,GCP-4B,31.69
2025-04-30 12:00:00,GCP-2A,24.23
2025-04-30 12:00:00,GCP-2B,35.06
2025-04-30 12:00:00,GCP-4A,35.55
2025-04-30 12:00:00,GCP-4B,31.42
2025-05-01 12:00:00,GCP-2A,25.28
2025-05-01 12:00:00,GCP-2B,35.34
2025-05-01 12:00:00,GCP-4A,36.52
2025-05-01 12:00:00,GCP-4B,32.35
2025-05-02 12:00:00,GCP-2A,26.34
2025-05-02 12:00:00,GCP-2B,36.18
2025-05-02 12:00:00,GCP-4A,36.89
2025-05-02 12:00:00,GCP-4B,32.98
2025-05-03 12:00:00,GCP-2A,27.22
2025-05-03 12:00:00,GCP-2B,37.18
2025-05-03 12:00:00,GCP-4A,38.1
2025-05-03 12:00:00,GCP-4B,34.55
